{"name": "GraphQL_API", "resource_type": "appsync", "primary_auth_type": "API_KEY", "api_key_expiration_days": 7, "schema_path": "schema.graphql", "data_sources": [{"name": "events_db", "type": "AMAZON_DYNAMODB", "service_role_name": "appsync_role", "dynamodb_config": {"table_name": "Events", "aws_region": "eu-west-1"}}], "resolvers": [{"kind": "UNIT", "type_name": "Mutation", "field_name": "createEvent", "data_source_name": "events_db", "runtime": "VTL", "request_mapping_template_path": "resolvers/mutation/createevent/req_mapping_template.vtl", "response_mapping_template_path": "resolvers/mutation/createevent/resp_mapping_template.vtl"}, {"kind": "UNIT", "type_name": "Query", "field_name": "getEvent", "data_source_name": "events_db", "runtime": "VTL", "request_mapping_template_path": "resolvers/query/getevent/req_mapping_template.vtl", "response_mapping_template_path": "resolvers/query/getevent/resp_mapping_template.vtl"}], "functions": [], "log_config": {"logging_enabled": false, "field_log_level": "ERROR", "cloud_watch_logs_role_name": "", "exclude_verbose_content": false}, "tags": {}, "deployment_package": "appsync_GraphQL_API.zip"}