{
  "lambda-basic-execution": {
    "policy_content": {
      "Statement": [
        {
          "Action": [
            "logs:CreateLogGroup",
            "logs:CreateLogStream",
            "logs:PutLogEvents",
            "dynamodb:GetItem",
            "dynamodb:Query",
            "dynamodb:PutItem",
            "dynamodb:Batch*",
            "dynamodb:DeleteItem",
            "ssm:PutParameter",
            "ssm:GetParameter",
            "kms:Decrypt",
            "sqs:ReceiveMessage",
            "sqs:DeleteMessage",
            "sqs:GetQueueAttributes"
          ],
          "Effect": "Allow",
          "Resource": "*"
        }
      ],
      "Version": "2012-10-17"
    },
    "resource_type": "iam_policy",
    "tags": {}
  },
  "async_queue": {
    "resource_type": "sqs_queue",
    "fifo_queue": false,
    "visibility_timeout": 600,
    "delay_seconds": 0,
    "maximum_message_size": 1024,
    "message_retention_period": 60,
    "receive_message_wait_time_seconds": 0,
    "policy": {},
    "redrive_policy": {},
    "content_based_deduplication": false,
    "tags": {}
  },
  "lambda_topic": {
    "resource_type": "sns_topic",
    "region": "eu-west-1",
    "event_sources": [],
    "tags": {}
  },
  "sqs_handler-role": {
    "predefined_policies": [],
    "principal_service": "lambda",
    "custom_policies": [
      "lambda-basic-execution"
    ],
    "resource_type": "iam_role",
    "tags": {}
  },
  "sns_handler-role": {
    "predefined_policies": [],
    "principal_service": "lambda",
    "custom_policies": [
      "lambda-basic-execution"
    ],
    "resource_type": "iam_role",
    "tags": {}
  }
}